"ID","Description","GeneRatio","BgRatio","pvalue","p.adjust","qvalue","geneID","Count"
"GO:0009615","response to virus","32/103","389/28891",7.00844688930041e-35,1.09401855941979e-31,7.17074776463158e-32,"58185/667370/15957/100038882/23962/58203/69550/15959/14468/276950/231655/76933/22040/67775/54123/234311/57444/54396/15944/246727/20128/16145/71586/229900/20821/66141/23961/19106/209200/20846/64685/56045",32
"GO:0051607","defense response to virus","30/103","328/28891",4.66613873837055e-34,2.66495411533375e-31,1.74674493415449e-31,"58185/667370/15957/100038882/23962/58203/69550/15959/14468/276950/231655/22040/67775/54123/234311/57444/54396/15944/246727/20128/16145/71586/229900/20821/66141/23961/19106/209200/20846/56045",30
"GO:0140546","defense response to symbiont","30/103","329/28891",5.12162866495915e-34,2.66495411533375e-31,1.74674493415449e-31,"58185/667370/15957/100038882/23962/58203/69550/15959/14468/276950/231655/22040/67775/54123/234311/57444/54396/15944/246727/20128/16145/71586/229900/20821/66141/23961/19106/209200/20846/56045",30
"GO:0045088","regulation of innate immune response","29/103","474/28891",8.10350045526931e-28,3.16239105266885e-25,2.0727901164531e-25,"58185/100038882/58203/14468/231655/22040/54123/234311/54396/15944/246727/547253/20128/16145/231712/71586/229900/20821/23961/19106/70110/14972/64685/21354/14964/56045/26365/15015/14824",29
"GO:0002832","negative regulation of response to biotic stimulus","19/103","187/28891",1.54902419964955e-22,4.83605355130588e-20,3.1697926780197e-20,"100038882/22040/54396/15944/246727/547253/20128/16145/231712/20821/23961/14972/64685/21354/14964/56045/26365/15015/14824",19
"GO:0048525","negative regulation of viral process","16/103","105/28891",4.86791677687915e-22,1.26646968145139e-19,8.30107913530971e-20,"58185/100038882/23962/69550/231655/57444/246727/20128/17069/71586/20821/66141/23961/19106/20846/20684",16
"GO:0035456","response to interferon-beta","14/103","74/28891",8.17750059978663e-21,1.82358263375242e-18,1.19526775684099e-18,"15957/15953/69550/15959/14468/327959/22040/54396/15944/16145/229900/66141/23961/20846",14
"GO:0140888","interferon-mediated signaling pathway","14/103","84/28891",5.52964713295022e-20,1.07897239681691e-17,7.0721276489837e-18,"100038882/58203/22040/54123/54396/15944/246727/547253/16145/71586/66141/23961/20846/56045",14
"GO:0050792","regulation of viral process","17/103","187/28891",2.07400878893028e-19,3.59725302168908e-17,2.3578205179418e-17,"58185/100038882/23962/69550/231655/57444/246727/20128/17069/71586/229900/20821/66141/23961/19106/20846/20684",17
"GO:0031348","negative regulation of defense response","20/103","330/28891",3.51272065935247e-19,5.4833569492492e-17,3.59406787462168e-17,"100038882/22040/54396/15944/246727/547253/20128/16145/231712/20821/23961/14972/64685/21354/14964/56045/26365/15015/229521/14824",20
"GO:0045824","negative regulation of innate immune response","15/103","130/28891",7.99068046959624e-19,1.13395020118543e-16,7.43247982435171e-17,"100038882/22040/246727/547253/231712/20821/23961/14972/64685/21354/14964/56045/26365/15015/14824",15
"GO:0002833","positive regulation of response to biotic stimulus","21/103","413/28891",1.52486782307794e-18,1.98359889318722e-16,1.30015045967698e-16,"58185/58203/14468/231655/54123/234311/54396/15944/246727/20128/16145/71586/229900/23961/19106/70110/14972/64685/14964/15015/14824",21
"GO:0045089","positive regulation of innate immune response","20/103","385/28891",7.17106600661941e-18,8.61079541256377e-16,5.64394830642435e-16,"58185/58203/14468/231655/54123/234311/54396/15944/246727/20128/16145/71586/229900/23961/19106/70110/14972/64685/14964/15015",20
"GO:1903900","regulation of viral life cycle","15/103","156/28891",1.32035149444005e-17,1.47219191630066e-15,9.64948610974235e-16,"58185/100038882/23962/69550/231655/57444/246727/20128/17069/71586/229900/20821/66141/23961/19106",15
"GO:0045071","negative regulation of viral genome replication","11/103","56/28891",8.89550361611155e-17,9.25725409650008e-15,6.06766983498977e-15,"58185/100038882/23962/69550/231655/57444/246727/71586/66141/23961/19106",11
"GO:0032606","type I interferon production","14/103","141/28891",1.06819493379203e-16,1.04215768228085e-14,6.83082549767008e-15,"100038882/327959/22040/54123/54396/15944/246727/16145/71586/229900/23961/16391/20846/64685",14
"GO:0019221","cytokine-mediated signaling pathway","20/103","450/28891",1.46004110862655e-16,1.34066127680355e-14,8.78736815842108e-15,"100038882/23962/58203/231655/22040/54123/54396/15944/246727/547253/16145/71586/66141/23961/20846/16202/24099/56045/26365/110829",20
"GO:0002218","activation of innate immune response","17/103","281/28891",2.08477234780976e-16,1.80796090829502e-14,1.18502849243923e-14,"58185/58203/14468/231655/54123/234311/54396/15944/246727/20128/16145/71586/229900/23961/19106/70110/64685",17
"GO:0035458","cellular response to interferon-beta","11/103","63/28891",3.60418460480709e-16,2.96112219373888e-14,1.94086838552493e-14,"15957/15953/15959/14468/22040/54396/15944/16145/229900/23961/20846",11
"GO:0032102","negative regulation of response to external stimulus","20/103","485/28891",6.11490834637912e-16,4.63710243212356e-14,3.03939011026946e-14,"100038882/22040/54396/15944/246727/547253/20128/16145/231712/20821/23961/14972/64685/21354/14964/56045/26365/15015/229521/14824",20
"GO:0045069","regulation of viral genome replication","12/103","92/28891",6.23825439299134e-16,4.63710243212356e-14,3.03939011026946e-14,"58185/100038882/23962/69550/231655/57444/246727/71586/229900/66141/23961/19106",12
"GO:0034340","response to type I interferon","11/103","73/28891",2.02270381825715e-15,1.43520030013609e-13,9.4070244562007e-14,"100038882/58203/22040/54123/246727/71586/66141/23961/20846/20684/56045",11
"GO:0032479","regulation of type I interferon production","13/103","136/28891",2.31607458961569e-15,1.57190975408265e-13,1.03030869615856e-13,"100038882/327959/22040/54123/54396/15944/246727/16145/71586/229900/23961/20846/64685",13
"GO:0016032","viral process","17/103","329/28891",2.85814011098161e-15,1.85898196385095e-13,1.21847025783953e-13,"58185/100038882/23962/69550/231655/57444/246727/20128/17069/71586/229900/20821/66141/23961/19106/20846/20684",17
"GO:0050777","negative regulation of immune response","15/103","239/28891",8.0038143241639e-15,4.99758166400794e-13,3.27566632551044e-13,"100038882/22040/246727/547253/231712/20821/23961/14972/64685/21354/14964/56045/26365/15015/14824",15
"GO:0019058","viral life cycle","15/103","250/28891",1.55395111453491e-14,9.32968342226535e-13,6.1151436571981e-13,"58185/100038882/23962/69550/231655/57444/246727/20128/17069/71586/229900/20821/66141/23961/19106",15
"GO:0019079","viral genome replication","12/103","125/28891",2.75080253981068e-14,1.59037139431277e-12,1.0424093835072e-12,"58185/100038882/23962/69550/231655/57444/246727/71586/229900/66141/23961/19106",12
"GO:0060337","type I interferon-mediated signaling pathway","10/103","66/28891",3.78873543341259e-14,2.0393848315714e-12,1.33671536888459e-12,"100038882/58203/22040/54123/246727/71586/66141/23961/20846/56045",10
"GO:0071357","cellular response to type I interferon","10/103","66/28891",3.78873543341259e-14,2.0393848315714e-12,1.33671536888459e-12,"100038882/58203/22040/54123/246727/71586/66141/23961/20846/56045",10
"GO:0002221","pattern recognition receptor signaling pathway","14/103","233/28891",1.21278151638817e-13,6.31050649027312e-12,4.13622327694493e-12,"58185/231655/54123/234311/54396/15944/246727/20128/16145/71586/23961/19106/70110/64685",14
"GO:0002758","innate immune response-activating signaling pathway","14/103","244/28891",2.28236300348201e-13,1.14928020917271e-11,7.53296040538035e-12,"58185/231655/54123/234311/54396/15944/246727/20128/16145/71586/23961/19106/70110/64685",14
"GO:0002753","cytosolic pattern recognition receptor signaling pathway","12/103","150/28891",2.50301539469283e-13,1.2210021972236e-11,8.00306238039945e-12,"58185/231655/54123/234311/54396/15944/246727/20128/16145/71586/23961/19106",12
"GO:0060759","regulation of response to cytokine stimulus","12/103","156/28891",4.00864912254834e-13,1.8962125091812e-11,1.24287302938341e-11,"100038882/58203/22040/54123/54396/15944/246727/547253/16145/71586/23961/56045",12
"GO:0019882","antigen processing and presentation","11/103","134/28891",1.95437901014656e-12,8.97289892599639e-11,5.88128915746889e-11,"22040/14972/16913/21356/21354/19188/14964/19186/16912/12010/15015",11
"GO:0042742","defense response to bacterium","16/103","430/28891",3.02538716656579e-12,1.34932267628834e-10,8.84413932602089e-11,"100038882/14468/54396/15944/246727/16145/229900/23961/14972/672511/231507/14964/12010/15015/229521/14824",16
"GO:0001959","regulation of cytokine-mediated signaling pathway","11/103","146/28891",5.0223209093949e-12,2.17773414987929e-10,1.42739646898592e-10,"100038882/58203/22040/54123/54396/15944/246727/547253/16145/23961/56045",11
"GO:0034341","response to type II interferon","11/103","150/28891",6.75336086417363e-12,2.84918819161488e-10,1.86750121194218e-10,"69550/14468/54396/15944/547253/16145/229900/20821/66141/20846/20684",11
"GO:0062207","regulation of pattern recognition receptor signaling pathway","10/103","141/28891",8.89823340402653e-11,3.65530061675932e-09,2.39586783066864e-09,"58185/231655/54123/234311/54396/15944/20128/16145/19106/70110",10
"GO:0060338","regulation of type I interferon-mediated signaling pathway","7/103","47/28891",3.32953181921102e-10,1.3326664537919e-08,8.73496606821353e-09,"100038882/58203/22040/54123/246727/23961/56045",7
"GO:0002757","immune response-activating signaling pathway","14/103","440/28891",5.89973192877277e-10,2.30237038520357e-08,1.50908932493872e-08,"58185/231655/54123/234311/54396/15944/246727/20128/16145/71586/23961/19106/70110/64685",14
"GO:1905671","regulation of lysosome organization","5/103","13/28891",6.56863474957538e-10,2.50088752294809e-08,1.63920743943191e-08,"22040/54396/15944/16145/14824",5
"GO:0002764","immune response-regulating signaling pathway","14/103","450/28891",7.88672128123748e-10,2.9312314095266e-08,1.92127646249695e-08,"58185/231655/54123/234311/54396/15944/246727/20128/16145/71586/23961/19106/70110/64685",14
"GO:0061635","regulation of protein complex stability","5/103","14/28891",1.01890001509608e-09,3.69884400829065e-08,2.42440835905358e-08,"22040/54396/15944/16145/21356",5
"GO:0001818","negative regulation of cytokine production","12/103","314/28891",1.39369474784332e-09,4.9444488667805e-08,3.24084041842992e-08,"69550/327959/54396/15944/246727/20128/16145/229900/23961/64685/26365/229521",12
"GO:0039531","regulation of viral-induced cytoplasmic pattern recognition receptor signaling pathway","8/103","92/28891",1.43898731181125e-09,4.99168709719413e-08,3.27180273001295e-08,"58185/231655/234311/54396/15944/20128/16145/19106",8
"GO:0019884","antigen processing and presentation of exogenous antigen","7/103","60/28891",1.96870439729661e-09,6.68075557430436e-08,4.37890314455905e-08,"14972/21356/19188/14964/19186/12010/15015",7
"GO:0030522","intracellular receptor signaling pathway","12/103","328/28891",2.27879216078631e-09,7.56849907018602e-08,4.96077487185732e-08,"58185/231655/54123/234311/54396/15944/246727/20128/16145/71586/23961/19106",12
"GO:0060760","positive regulation of response to cytokine stimulus","7/103","65/28891",3.49759914565628e-09,1.13744838882697e-07,7.45540870521471e-08,"58203/54123/54396/15944/547253/16145/71586",7
"GO:0001906","cell killing","11/103","286/28891",6.57621869424447e-09,2.0949953840236e-07,1.37316532133311e-07,"14468/54396/16145/229900/14938/14972/21354/14964/12010/26365/15015",11
"GO:0032480","negative regulation of type I interferon production","6/103","45/28891",1.28934536713617e-08,4.02533623619911e-07,2.63840778285548e-07,"327959/54396/15944/16145/229900/64685",6
"GO:0060333","type II interferon-mediated signaling pathway","5/103","23/28891",1.66947875573022e-08,5.109914387637e-07,3.34929484121728e-07,"54396/15944/547253/16145/20846",5
"GO:0019885","antigen processing and presentation of endogenous peptide antigen via MHC class I","6/103","48/28891",1.92584807426301e-08,5.781247776778e-07,3.78932050239604e-07,"14972/21356/21354/14964/12010/15015",6
"GO:0002483","antigen processing and presentation of endogenous peptide antigen","6/103","50/28891",2.47951355857786e-08,7.30286917913214e-07,4.78666768408674e-07,"14972/21356/21354/14964/12010/15015",6
"GO:0050727","regulation of inflammatory response","12/103","411/28891",2.79155121483333e-08,8.069650826583e-07,5.28925493336841e-07,"58203/22040/54396/15944/16145/70110/14972/64685/14964/15015/229521/14824",12
"GO:0019883","antigen processing and presentation of endogenous antigen","6/103","53/28891",3.55138076377079e-08,1.00794643131749e-06,6.60658775576117e-07,"14972/21356/21354/14964/12010/15015",6
"GO:0060339","negative regulation of type I interferon-mediated signaling pathway","5/103","27/28891",3.96032068802848e-08,1.10393939178794e-06,7.23577388865354e-07,"100038882/22040/246727/23961/56045",5
"GO:0140374","antiviral innate immune response","6/103","55/28891",4.45878240249423e-08,1.22108058426202e-06,8.0035761684661e-07,"667370/58203/15959/71586/23961/19106",6
"GO:0032069","regulation of nuclease activity","5/103","28/28891",4.80764485157465e-08,1.29391958850138e-06,8.48099962927507e-07,"23962/231655/246727/14938/23961",5
"GO:0002474","antigen processing and presentation of peptide antigen via MHC class I","6/103","58/28891",6.17182769083197e-08,1.63291915684554e-06,1.07029732658139e-06,"14972/21356/21354/14964/12010/15015",6
"GO:0001961","positive regulation of cytokine-mediated signaling pathway","6/103","59/28891",6.85078074949937e-08,1.78234479166142e-06,1.16823840149358e-06,"58203/54123/54396/15944/547253/16145",6
"GO:0032680","regulation of tumor necrosis factor production","9/103","216/28891",8.43920992364393e-08,2.15960765423085e-06,1.41551545224882e-06,"22040/246727/20128/71586/23961/14972/14964/15015/229521",9
"GO:1903555","regulation of tumor necrosis factor superfamily cytokine production","9/103","219/28891",9.49316927525143e-08,2.39013503849476e-06,1.56661469194302e-06,"22040/246727/20128/71586/23961/14972/14964/15015/229521",9
"GO:0035455","response to interferon-alpha","5/103","32/28891",9.74008848548415e-08,2.41337748029218e-06,1.58184895704104e-06,"15957/69550/66141/23961/19106",5
"GO:0032640","tumor necrosis factor production","9/103","223/28891",1.10758322102146e-07,2.70146470002265e-06,1.77067580729088e-06,"22040/246727/20128/71586/23961/14972/14964/15015/229521",9
"GO:0071706","tumor necrosis factor superfamily cytokine production","9/103","226/28891",1.24091335023368e-07,2.98010113802274e-06,1.95330813996298e-06,"22040/246727/20128/71586/23961/14972/14964/15015/229521",9
"GO:0032607","interferon-alpha production","5/103","36/28891",1.80291947261065e-07,4.26417772234125e-06,2.7949565029945e-06,"22040/54123/71586/20846/64685",5
"GO:0060330","regulation of response to type II interferon","4/103","15/28891",2.01753527622541e-07,4.56430806693894e-06,2.99167702286972e-06,"54396/15944/547253/16145",4
"GO:0060334","regulation of type II interferon-mediated signaling pathway","4/103","15/28891",2.01753527622541e-07,4.56430806693894e-06,2.99167702286972e-06,"54396/15944/547253/16145",4
"GO:1900226","negative regulation of NLRP3 inflammasome complex assembly","4/103","15/28891",2.01753527622541e-07,4.56430806693894e-06,2.99167702286972e-06,"54396/15944/20128/16145",4
"GO:0032608","interferon-beta production","6/103","72/28891",2.2883256684951e-07,5.03109347678994e-06,3.29763165274609e-06,"100038882/54123/246727/71586/23961/64685",6
"GO:0032648","regulation of interferon-beta production","6/103","72/28891",2.2883256684951e-07,5.03109347678994e-06,3.29763165274609e-06,"100038882/54123/246727/71586/23961/64685",6
"GO:0060700","regulation of ribonuclease activity","4/103","16/28891",2.68267867354969e-07,5.7365224786453e-06,3.7600052929925e-06,"23962/231655/246727/23961",4
"GO:0141086","negative regulation of inflammasome-mediated signaling pathway","4/103","16/28891",2.68267867354969e-07,5.7365224786453e-06,3.7600052929925e-06,"54396/15944/20128/16145",4
"GO:1900225","regulation of NLRP3 inflammasome complex assembly","5/103","39/28891",2.73024021837701e-07,5.75933105525205e-06,3.77495518102767e-06,"54396/15944/20128/16145/19106",5
"GO:0071346","cellular response to type II interferon","7/103","122/28891",2.85114171950418e-07,5.93417629886138e-06,3.88955754576571e-06,"14468/54396/15944/547253/16145/229900/20846",7
"GO:0001960","negative regulation of cytokine-mediated signaling pathway","6/103","76/28891",3.16533344629721e-07,6.50142830219729e-06,4.26136303296521e-06,"100038882/22040/246727/547253/23961/56045",6
"GO:0098792","xenophagy","4/103","17/28891",3.49850994207436e-07,7.07176384593852e-06,4.6351896276019e-06,"54396/15944/16145/672511",4
"GO:0141085","regulation of inflammasome-mediated signaling pathway","5/103","41/28891",3.53361678400516e-07,7.07176384593852e-06,4.6351896276019e-06,"54396/15944/20128/16145/19106",5
"GO:0044546","NLRP3 inflammasome complex assembly","5/103","42/28891",3.99981363991693e-07,7.90342923026624e-06,5.18030494070521e-06,"54396/15944/20128/16145/19106",5
"GO:0060761","negative regulation of response to cytokine stimulus","6/103","80/28891",4.3011060287858e-07,8.3925331386683e-06,5.50088823681553e-06,"100038882/22040/246727/547253/23961/56045",6
"GO:0048002","antigen processing and presentation of peptide antigen","6/103","83/28891",5.35605144061118e-07,1.03219707392519e-05,6.76553866182465e-06,"14972/21356/21354/14964/12010/15015",6
"GO:0140632","canonical inflammasome complex assembly","5/103","45/28891",5.69618161634411e-07,1.08435847598941e-05,7.10743072026505e-06,"54396/15944/20128/16145/19106",5
"GO:0032481","positive regulation of type I interferon production","6/103","85/28891",6.17054611699972e-07,1.16050873357067e-05,7.60655780053738e-06,"100038882/54123/246727/71586/23961/20846",6
"GO:0141084","inflammasome-mediated signaling pathway","5/103","47/28891",7.11135643298921e-07,1.32152707046383e-05,8.66195294845302e-06,"54396/15944/20128/16145/19106",5
"GO:0002281","macrophage activation involved in immune response","4/103","21/28891",8.70175582945948e-07,1.59805186468073e-05,1.04744354999809e-05,"22040/70110/64685/14824",4
"GO:0002697","regulation of immune effector process","11/103","473/28891",1.03936845065285e-06,1.88657459473152e-05,1.23655585561147e-05,"58185/69550/22040/234311/14972/21354/14964/12010/26365/15015/14824",11
"GO:0045953","negative regulation of natural killer cell mediated cytotoxicity","5/103","51/28891",1.0767909925433e-06,1.9320353325978e-05,1.26635310919793e-05,"14972/21354/14964/26365/15015",5
"GO:0002716","negative regulation of natural killer cell mediated immunity","5/103","52/28891",1.18798320876596e-06,2.08364245941985e-05,1.36572404366708e-05,"14972/21354/14964/26365/15015",5
"GO:0032728","positive regulation of interferon-beta production","5/103","52/28891",1.18798320876596e-06,2.08364245941985e-05,1.36572404366708e-05,"100038882/54123/246727/71586/23961",5
"GO:0002478","antigen processing and presentation of exogenous peptide antigen","5/103","53/28891",1.30803210471682e-06,2.26870901718106e-05,1.48702597167807e-05,"14972/21356/14964/12010/15015",5
"GO:0031333","negative regulation of protein-containing complex assembly","7/103","157/28891",1.56617714577128e-06,2.68659618082304e-05,1.76093023214539e-05,"327959/54396/15944/20128/16145/229521/19240",7
"GO:0044088","regulation of vacuole organization","5/103","56/28891",1.72642384710348e-06,2.92929089709622e-05,1.9200045530716e-05,"22040/54396/15944/16145/14824",5
"GO:0050688","regulation of defense response to virus","6/103","102/28891",1.80921284335097e-06,3.02097101807846e-05,1.98009631448954e-05,"54396/15944/20128/16145/209200/20846",6
"GO:0044090","positive regulation of vacuole organization","4/103","25/28891",1.81916256053411e-06,3.02097101807846e-05,1.98009631448954e-05,"54396/15944/16145/14824",4
"GO:0001911","negative regulation of leukocyte mediated cytotoxicity","5/103","57/28891",1.88709026432836e-06,3.06848739855893e-05,2.01124093961312e-05,"14972/21354/14964/26365/15015",5
"GO:0031648","protein destabilization","5/103","57/28891",1.88709026432836e-06,3.06848739855893e-05,2.01124093961312e-05,"54396/15944/16145/20821/378702",5
"GO:0002704","negative regulation of leukocyte mediated immunity","6/103","103/28891",1.9156100202295e-06,3.08274973358583e-05,2.02058919116991e-05,"69550/14972/21354/14964/26365/15015",6
"GO:0050729","positive regulation of inflammatory response","7/103","167/28891",2.36330357634815e-06,3.76440498232598e-05,2.46738031816369e-05,"58203/70110/14972/64685/14964/15015/14824",7
"GO:0002698","negative regulation of immune effector process","7/103","170/28891",2.65982064516252e-06,4.19391921929161e-05,2.74890554715361e-05,"69550/14972/21354/14964/26365/15015/14824",7
"GO:0031342","negative regulation of cell killing","5/103","62/28891",2.87554345775884e-06,4.48872333756155e-05,2.94213499046484e-05,"14972/21354/14964/26365/15015",5
"GO:0042116","macrophage activation","6/103","113/28891",3.28905594143801e-06,5.08338249958885e-05,3.33190450763705e-05,"22040/15944/70110/64685/229521/14824",6
"GO:0002477","antigen processing and presentation of exogenous peptide antigen via MHC class Ib","4/103","29/28891",3.37833567001944e-06,5.1701784126474e-05,3.38879491357987e-05,"14972/14964/12010/15015",4
"GO:0000209","protein polyubiquitination","8/103","254/28891",3.70039301281127e-06,5.60807135242562e-05,3.67581196571543e-05,"20128/20821/209200/672511/56791/671535/64685/81018",8
"GO:0032647","regulation of interferon-alpha production","4/103","33/28891",5.75702499508203e-06,8.61572763692276e-05,5.64718113428566e-05,"54123/71586/20846/64685",4
"GO:0042098","T cell proliferation","8/103","270/28891",5.79533249120365e-06,8.61572763692276e-05,5.64718113428566e-05,"15944/14972/20555/19171/24099/14964/26365/15015",8
"GO:1901526","positive regulation of mitophagy","3/103","11/28891",7.11168880994107e-06,0.000104729681436962,6.86450995358761e-05,"54396/15944/16145",3
"GO:1901224","positive regulation of non-canonical NF-kappaB signal transduction","5/103","76/28891",7.89174723703329e-06,0.000115131004084196,7.54626494283951e-05,"19106/70110/16202/64685/110829",5
"GO:0039532","negative regulation of viral-induced cytoplasmic pattern recognition receptor signaling pathway","4/103","37/28891",9.19063899760261e-06,0.000131620068580346,8.62704114502148e-05,"54396/15944/20128/16145",4
"GO:0042270","protection from natural killer cell mediated cytotoxicity","4/103","37/28891",9.19063899760261e-06,0.000131620068580346,8.62704114502148e-05,"14972/21354/14964/15015",4
"GO:1904415","regulation of xenophagy","3/103","12/28891",9.4576624163246e-06,0.000133003702989934,8.71773150181841e-05,"54396/15944/16145",3
"GO:1904417","positive regulation of xenophagy","3/103","12/28891",9.4576624163246e-06,0.000133003702989934,8.71773150181841e-05,"54396/15944/16145",3
"GO:0001910","regulation of leukocyte mediated cytotoxicity","6/103","136/28891",9.57634504834298e-06,0.00013347030911128,8.74831521333588e-05,"14972/21354/14964/12010/26365/15015",6
"GO:1903901","negative regulation of viral life cycle","4/103","38/28891",1.02438089247269e-05,0.000141509608243352,9.27525130399122e-05,"69550/20128/17069/66141",4
"GO:0061762","CAMKK-AMPK signaling cascade","3/103","13/28891",1.22630825936761e-05,0.000167918174813407,0.00011006201552219,"54396/15944/16145",3
"GO:0032760","positive regulation of tumor necrosis factor production","6/103","143/28891",1.27545672722437e-05,0.00017312938706063,0.000113477706074333,"246727/71586/23961/14972/14964/15015",6
"GO:0043122","regulation of canonical NF-kappaB signal transduction","7/103","217/28891",1.31696422587152e-05,0.000177222513498745,0.000116160546964348,"54396/15944/20128/16145/229900/20821/20846",7
"GO:1903557","positive regulation of tumor necrosis factor superfamily cytokine production","6/103","145/28891",1.38041554814396e-05,0.000183863715047008,0.000120513524411269,"246727/71586/23961/14972/14964/15015",6
"GO:0032496","response to lipopolysaccharide","9/103","401/28891",1.389873054167e-05,0.000183863715047008,0.000120513524411269,"14468/54396/15944/20128/16145/22169/19106/20846/12010",9
"GO:0071222","cellular response to lipopolysaccharide","8/103","312/28891",1.65310122637714e-05,0.000216847984401236,0.000142133073156884,"14468/54396/15944/20128/16145/22169/20846/12010",8
"GO:0050863","regulation of T cell activation","9/103","411/28891",1.68842982692633e-05,0.000217942398470844,0.000142850407170613,"22040/15944/14972/20555/24099/14964/12010/26365/15015",9
"GO:0042832","defense response to protozoan","4/103","43/28891",1.68936772677592e-05,0.000217942398470844,0.000142850407170613,"14468/54396/16145/229900",4
"GO:0042269","regulation of natural killer cell mediated cytotoxicity","5/103","89/28891",1.70923593630206e-05,0.000218698139062911,0.000143345757556997,"14972/21354/14964/26365/15015",5
"GO:0002703","regulation of leukocyte mediated immunity","8/103","314/28891",1.73067671006046e-05,0.000219641166211738,0.00014396386497037,"58185/69550/14972/21354/14964/12010/26365/15015",8
"GO:0042129","regulation of T cell proliferation","7/103","227/28891",1.76127765598422e-05,0.000221722130725111,0.000145327833753537,"15944/14972/20555/24099/14964/26365/15015",7
"GO:0002707","negative regulation of lymphocyte mediated immunity","5/103","90/28891",1.80468570772626e-05,0.000225369151180856,0.00014771827435031,"14972/21354/14964/26365/15015",5
"GO:0018410","C-terminal protein amino acid modification","3/103","15/28891",1.94084342687581e-05,0.00023855563695694,0.000156361360209141,"54396/15944/16145",3
"GO:1903599","positive regulation of autophagy of mitochondrion","3/103","15/28891",1.94084342687581e-05,0.00023855563695694,0.000156361360209141,"54396/15944/16145",3
"GO:0002715","regulation of natural killer cell mediated immunity","5/103","92/28891",2.00800718576593e-05,0.000243846695062491,0.000159829385751874,"14972/21354/14964/26365/15015",5
"GO:0002718","regulation of cytokine production involved in immune response","6/103","155/28891",2.01513284196421e-05,0.000243846695062491,0.000159829385751874,"58185/69550/14972/14964/12010/15015",6
"GO:0002237","response to molecule of bacterial origin","9/103","421/28891",2.04000400473852e-05,0.000244957403953603,0.000160557400210999,"14468/54396/15944/20128/16145/22169/19106/20846/12010",9
"GO:0071219","cellular response to molecule of bacterial origin","8/103","322/28891",2.07233078474378e-05,0.000246939569082827,0.000161856610909679,"14468/54396/15944/20128/16145/22169/20846/12010",8
"GO:0002711","positive regulation of T cell mediated immunity","5/103","93/28891",2.11612699302763e-05,0.000250248048190616,0.000164025154483482,"58185/14972/14964/12010/15015",5
"GO:0031341","regulation of cell killing","6/103","157/28891",2.16654797563318e-05,0.000254284315034841,0.000166670726736482,"14972/21354/14964/12010/26365/15015",6
"GO:0002440","production of molecular mediator of immune response","9/103","425/28891",2.19712516617089e-05,0.000255948685402445,0.000167761638768115,"58185/69550/22040/14972/24099/14964/12010/56045/15015",9
"GO:0002428","antigen processing and presentation of peptide antigen via MHC class Ib","4/103","46/28891",2.21559077008679e-05,0.000256187940155961,0.000167918458364472,"14972/14964/12010/15015",4
"GO:0002700","regulation of production of molecular mediator of immune response","7/103","236/28891",2.26077340356145e-05,0.000259490241394075,0.000170082952651837,"58185/69550/22040/14972/14964/12010/15015",7
"GO:0051701","biological process involved in interaction with host","6/103","159/28891",2.32699938902434e-05,0.000265142047172773,0.000173787430359713,"14468/20128/17069/229900/20821/66141",6
"GO:0099004","calmodulin dependent kinase signaling pathway","3/103","16/28891",2.3825395746005e-05,0.000269503208402274,0.000176645954730106,"54396/15944/16145",3
"GO:0002706","regulation of lymphocyte mediated immunity","7/103","241/28891",2.58530963092438e-05,0.000290335851357767,0.00019030071649061,"58185/14972/21354/14964/12010/26365/15015",7
"GO:0001562","response to protozoan","4/103","48/28891",2.62743323761871e-05,0.000292958805994486,0.00019201993285454,"14468/54396/16145/229900",4
"GO:0043254","regulation of protein-containing complex assembly","9/103","437/28891",2.73171719976944e-05,0.000302426280059582,0.000198225391427839,"100038882/327959/54396/15944/20128/16145/19106/229521/19240",9
"GO:0002456","T cell mediated immunity","6/103","165/28891",2.86661289366697e-05,0.000312921869021968,0.000205104728203481,"58185/22040/14972/14964/12010/15015",6
"GO:0007034","vacuolar transport","6/103","165/28891",2.86661289366697e-05,0.000312921869021968,0.000205104728203481,"54396/15944/16145/209200/11736/14824",6
"GO:0002824","positive regulation of adaptive immune response based on somatic recombination of immune receptors built from immunoglobulin superfamily domains","6/103","166/28891",2.9655952716774e-05,0.000321356133185649,0.000210632969052531,"58185/14972/24099/14964/12010/15015",6
"GO:0007040","lysosome organization","5/103","100/28891",3.00563712012202e-05,0.000321356133185649,0.000210632969052531,"22040/54396/15944/16145/14824",5
"GO:0080171","lytic vacuole organization","5/103","100/28891",3.00563712012202e-05,0.000321356133185649,0.000210632969052531,"22040/54396/15944/16145/14824",5
"GO:0002475","antigen processing and presentation via MHC class Ib","4/103","50/28891",3.09280140556241e-05,0.000326206959059657,0.000213812444253674,"14972/14964/12010/15015",4
"GO:0070269","pyroptosis","4/103","50/28891",3.09280140556241e-05,0.000326206959059657,0.000213812444253674,"58203/14468/20821/14938",4
"GO:0002819","regulation of adaptive immune response","7/103","252/28891",3.4358095863015e-05,0.000359418462493977,0.000235580933641826,"58185/54123/14972/24099/14964/12010/15015",7
"GO:1901096","regulation of autophagosome maturation","3/103","18/28891",3.45373282345269e-05,0.000359418462493977,0.000235580933641826,"54396/15944/16145",3
"GO:0050687","negative regulation of defense response to virus","4/103","52/28891",3.61585903837846e-05,0.000373798407874753,0.000245006272938575,"54396/15944/20128/16145",4
"GO:0071216","cellular response to biotic stimulus","8/103","349/28891",3.67242274000666e-05,0.000377148151128316,0.000247201863108482,"14468/54396/15944/20128/16145/22169/20846/12010",8
"GO:0002821","positive regulation of adaptive immune response","6/103","174/28891",3.86049058280456e-05,0.00039028536182101,0.000255812651599867,"58185/14972/24099/14964/12010/15015",6
"GO:0043124","negative regulation of canonical NF-kappaB signal transduction","4/103","53/28891",3.90035339167698e-05,0.00039028536182101,0.000255812651599867,"54396/15944/16145/20846",4
"GO:0046596","regulation of viral entry into host cell","4/103","53/28891",3.90035339167698e-05,0.00039028536182101,0.000255812651599867,"20128/17069/20821/66141",4
"GO:0046641","positive regulation of alpha-beta T cell proliferation","4/103","53/28891",3.90035339167698e-05,0.00039028536182101,0.000255812651599867,"15944/14972/14964/15015",4
"GO:1901222","regulation of non-canonical NF-kappaB signal transduction","5/103","106/28891",3.97795380758326e-05,0.000394105531740607,0.000258316583062052,"19106/70110/16202/64685/110829",5
"GO:0007249","canonical NF-kappaB signal transduction","7/103","258/28891",3.98902460057757e-05,0.000394105531740607,0.000258316583062052,"54396/15944/20128/16145/229900/20821/20846",7
"GO:0032897","negative regulation of viral transcription","3/103","19/28891",4.0906832087963e-05,0.000396618415461555,0.000259963653412881,"20821/66141/20684",3
"GO:0070431","nucleotide-binding oligomerization domain containing 2 signaling pathway","3/103","19/28891",4.0906832087963e-05,0.000396618415461555,0.000259963653412881,"54396/15944/16145",3
"GO:1901524","regulation of mitophagy","3/103","19/28891",4.0906832087963e-05,0.000396618415461555,0.000259963653412881,"54396/15944/16145",3
"GO:0002367","cytokine production involved in immune response","6/103","178/28891",4.38275442899816e-05,0.000422313559485563,0.000276805542884094,"58185/69550/14972/14964/12010/15015",6
"GO:0031640","killing of cells of another organism","5/103","110/28891",4.75045829731574e-05,0.000452162524518895,0.000296370055519313,"14468/54396/16145/229900/14938",5
"GO:0141061","disruption of cell in another organism","5/103","110/28891",4.75045829731574e-05,0.000452162524518895,0.000296370055519313,"14468/54396/16145/229900/14938",5
"GO:0001909","leukocyte mediated cytotoxicity","6/103","185/28891",5.43199259982291e-05,0.000513899421110519,0.000336835521979449,"14972/21354/14964/12010/26365/15015",6
"GO:0036037","CD8-positive, alpha-beta T cell activation","4/103","58/28891",5.57446412112296e-05,0.000521062185213949,0.00034153035775175,"16145/14972/14964/15015",4
"GO:0052372","modulation by symbiont of entry into host","4/103","58/28891",5.57446412112296e-05,0.000521062185213949,0.00034153035775175,"20128/17069/20821/66141",4
"GO:0002720","positive regulation of cytokine production involved in immune response","5/103","114/28891",5.63417243182076e-05,0.000523508521790012,0.000343133809757505,"58185/14972/14964/12010/15015",5
"GO:0042267","natural killer cell mediated cytotoxicity","5/103","117/28891",6.37634126842336e-05,0.000588962646154371,0.000386035734220337,"14972/21354/14964/26365/15015",5
"GO:0070423","nucleotide-binding oligomerization domain containing signaling pathway","3/103","22/28891",6.45081028394542e-05,0.000592336167837577,0.000388246909968728,"54396/15944/16145",3
"GO:0002449","lymphocyte mediated immunity","9/103","489/28891",6.50961490111263e-05,0.000594240284247767,0.000389494963612279,"58185/22040/54123/14972/21354/14964/12010/26365/15015",9
"GO:0046651","lymphocyte proliferation","8/103","383/28891",7.04678103553956e-05,0.000639536348632398,0.000419184281918265,"15944/14972/20555/19171/24099/14964/26365/15015",8
"GO:0002228","natural killer cell mediated immunity","5/103","120/28891",7.19175174979359e-05,0.000648920490255942,0.000425335120219006,"14972/21354/14964/26365/15015",5
"GO:0001916","positive regulation of T cell mediated cytotoxicity","4/103","62/28891",7.24983759746505e-05,0.000650402097105917,0.00042630623985094,"14972/14964/12010/15015",4
"GO:0035872","nucleotide-binding domain, leucine rich repeat containing receptor signaling pathway","3/103","23/28891",7.39922562519665e-05,0.000656260863689316,0.000430146370077221,"54396/15944/16145",3
"GO:0090141","positive regulation of mitochondrial fission","3/103","23/28891",7.39922562519665e-05,0.000656260863689316,0.000430146370077221,"54396/15944/16145",3
"GO:0050670","regulation of lymphocyte proliferation","7/103","286/28891",7.62739295598964e-05,0.000672675729056487,0.000440905498258812,"15944/14972/20555/24099/14964/26365/15015",7
"GO:0002709","regulation of T cell mediated immunity","5/103","122/28891",7.77843866946199e-05,0.000682142851855628,0.00044711072659474,"58185/14972/14964/12010/15015",5
"GO:0032943","mononuclear cell proliferation","8/103","389/28891",7.8504137682113e-05,0.000684608709060215,0.000448726973402022,"15944/14972/20555/19171/24099/14964/26365/15015",8
"GO:0032944","regulation of mononuclear cell proliferation","7/103","290/28891",8.31793013780567e-05,0.000721349385839703,0.000472808660464743,"15944/14972/20555/24099/14964/26365/15015",7
"GO:0050830","defense response to Gram-positive bacterium","6/103","203/28891",9.07186905357872e-05,0.000782386054841789,0.000512815162551818,"14468/229900/14972/14964/12010/15015",6
"GO:0038061","non-canonical NF-kappaB signal transduction","5/103","128/28891",9.76166397090532e-05,0.000837250409812264,0.00054877601964835,"19106/70110/16202/64685/110829",5
"GO:0070534","protein K63-linked ubiquitination","4/103","67/28891",9.8261956825431e-05,0.000838179861226764,0.000549385228842789,"20128/20821/672511/671535",4
"GO:0043903","regulation of biological process involved in symbiotic interaction","4/103","68/28891",0.000104118677289062,0.000883311169827315,0.00057896655792316,"20128/17069/20821/66141",4
"GO:1903037","regulation of leukocyte cell-cell adhesion","8/103","407/28891",0.000107312978234634,0.000890237006167029,0.000583506099325232,"15944/14972/20555/24099/14964/12010/26365/15015",8
"GO:0001813","regulation of antibody-dependent cellular cytotoxicity","3/103","26/28891",0.000107786543347577,0.000890237006167029,0.000583506099325232,"14972/14964/15015",3
"GO:0001815","positive regulation of antibody-dependent cellular cytotoxicity","3/103","26/28891",0.000107786543347577,0.000890237006167029,0.000583506099325232,"14972/14964/15015",3
"GO:0039529","RIG-I signaling pathway","3/103","26/28891",0.000107786543347577,0.000890237006167029,0.000583506099325232,"231655/234311/246727",3
"GO:0046782","regulation of viral transcription","3/103","26/28891",0.000107786543347577,0.000890237006167029,0.000583506099325232,"20821/66141/20684",3
"GO:0001914","regulation of T cell mediated cytotoxicity","4/103","69/28891",0.000110224663066777,0.000900841356268264,0.000590456723620319,"14972/14964/12010/15015",4
"GO:0062208","positive regulation of pattern recognition receptor signaling pathway","4/103","69/28891",0.000110224663066777,0.000900841356268264,0.000590456723620319,"58185/231655/234311/70110",4
"GO:0002519","natural killer cell tolerance induction","3/103","27/28891",0.000120946108281117,0.000968189102701657,0.000634599823207802,"14972/14964/15015",3
"GO:0032639","TRAIL production","3/103","27/28891",0.000120946108281117,0.000968189102701657,0.000634599823207802,"14972/14964/15015",3
"GO:0032679","regulation of TRAIL production","3/103","27/28891",0.000120946108281117,0.000968189102701657,0.000634599823207802,"14972/14964/15015",3
"GO:0032759","positive regulation of TRAIL production","3/103","27/28891",0.000120946108281117,0.000968189102701657,0.000634599823207802,"14972/14964/15015",3
"GO:0070663","regulation of leukocyte proliferation","7/103","313/28891",0.000133494948342105,0.00106319191001034,0.00069686944032506,"15944/14972/20555/24099/14964/26365/15015",7
"GO:0032727","positive regulation of interferon-alpha production","3/103","28/28891",0.000135109199460724,0.00106517909271813,0.000698171939797042,"54123/71586/20846",3
"GO:2000566","positive regulation of CD8-positive, alpha-beta T cell proliferation","3/103","28/28891",0.000135109199460724,0.00106517909271813,0.000698171939797042,"14972/14964/15015",3
"GO:0031647","regulation of protein stability","7/103","316/28891",0.000141570794142274,0.00111051261133714,0.000727885807491619,"22040/54396/15944/16145/20821/378702/14824",7
"GO:0046631","alpha-beta T cell activation","6/103","221/28891",0.000144330664505618,0.00111833688395748,0.000733014229209798,"58185/15944/16145/14972/14964/15015",6
"GO:0070661","leukocyte proliferation","8/103","425/28891",0.000144376549042499,0.00111833688395748,0.000733014229209798,"15944/14972/20555/19171/24099/14964/26365/15015",8
"GO:0046640","regulation of alpha-beta T cell proliferation","4/103","74/28891",0.000144717521178354,0.00111833688395748,0.000733014229209798,"15944/14972/14964/15015",4
"GO:0042102","positive regulation of T cell proliferation","5/103","140/28891",0.000148743818480184,0.00114378867314072,0.0007496966116813,"15944/14972/24099/14964/15015",5
"GO:0051865","protein autoubiquitination","4/103","78/28891",0.000177458481719291,0.00135790534295987,0.000890039443917189,"20128/20821/209200/672511",4
"GO:0001788","antibody-dependent cellular cytotoxicity","3/103","31/28891",0.000183948703991575,0.00139390255791674,0.000913633828716458,"14972/14964/15015",3
"GO:0010800","positive regulation of peptidyl-threonine phosphorylation","3/103","31/28891",0.000183948703991575,0.00139390255791674,0.000913633828716458,"54396/15944/16145",3
"GO:0046633","alpha-beta T cell proliferation","4/103","79/28891",0.000186413811095327,0.00140575825661742,0.000921404649807565,"15944/14972/14964/15015",4
"GO:0002729","positive regulation of natural killer cell cytokine production","3/103","32/28891",0.000202453078999796,0.00151210170487407,0.000991107493265181,"14972/14964/15015",3
"GO:1903146","regulation of autophagy of mitochondrion","3/103","32/28891",0.000202453078999796,0.00151210170487407,0.000991107493265181,"54396/15944/16145",3
"GO:0007159","leukocyte cell-cell adhesion","8/103","447/28891",0.000203432929520988,0.00151218477610601,0.000991161942327822,"15944/14972/20555/24099/14964/12010/26365/15015",8
"GO:0002822","regulation of adaptive immune response based on somatic recombination of immune receptors built from immunoglobulin superfamily domains","6/103","236/28891",0.000205943003707792,0.00152358781416049,0.000998636066869415,"58185/14972/24099/14964/12010/15015",6
"GO:0001913","T cell mediated cytotoxicity","4/103","82/28891",0.000215236127965932,0.00158482828186236,0.00103877614887232,"14972/14964/12010/15015",4
"GO:0002370","natural killer cell cytokine production","3/103","33/28891",0.000222122684400267,0.00160524773309638,0.00105216008400127,"14972/14964/15015",3
"GO:0002727","regulation of natural killer cell cytokine production","3/103","33/28891",0.000222122684400267,0.00160524773309638,0.00105216008400127,"14972/14964/15015",3
"GO:0046597","negative regulation of viral entry into host cell","3/103","33/28891",0.000222122684400267,0.00160524773309638,0.00105216008400127,"20128/17069/66141",3
"GO:2000564","regulation of CD8-positive, alpha-beta T cell proliferation","3/103","33/28891",0.000222122684400267,0.00160524773309638,0.00105216008400127,"14972/14964/15015",3
"GO:0033209","tumor necrosis factor-mediated signaling pathway","4/103","83/28891",0.000225518465340046,0.00162227799260743,0.00106332257244979,"20846/16202/24099/110829",4
"GO:0001796","regulation of type IIa hypersensitivity","3/103","34/28891",0.00024298873920871,0.00170092117446097,0.00111486926840154,"14972/14964/15015",3
"GO:0001798","positive regulation of type IIa hypersensitivity","3/103","34/28891",0.00024298873920871,0.00170092117446097,0.00111486926840154,"14972/14964/15015",3
"GO:0002892","regulation of type II hypersensitivity","3/103","34/28891",0.00024298873920871,0.00170092117446097,0.00111486926840154,"14972/14964/15015",3
"GO:0002894","positive regulation of type II hypersensitivity","3/103","34/28891",0.00024298873920871,0.00170092117446097,0.00111486926840154,"14972/14964/15015",3
"GO:0035740","CD8-positive, alpha-beta T cell proliferation","3/103","34/28891",0.00024298873920871,0.00170092117446097,0.00111486926840154,"14972/14964/15015",3
"GO:2001187","positive regulation of CD8-positive, alpha-beta T cell activation","3/103","34/28891",0.00024298873920871,0.00170092117446097,0.00111486926840154,"14972/14964/15015",3
"GO:0141060","disruption of anatomical structure in another organism","5/103","156/28891",0.000246122932840416,0.00171516918823165,0.00112420813308686,"14468/54396/16145/229900/14938",5
"GO:0031331","positive regulation of cellular catabolic process","7/103","349/28891",0.000259565551681683,0.00180080811633381,0.00118034019291039,"54396/15944/20128/16145/20821/209200/67469",7
"GO:0001794","type IIa hypersensitivity","3/103","35/28891",0.000265082094694702,0.00181488223604575,0.00118956507868537,"14972/14964/15015",3
"GO:0002445","type II hypersensitivity","3/103","35/28891",0.000265082094694702,0.00181488223604575,0.00118956507868537,"14972/14964/15015",3
"GO:0032819","positive regulation of natural killer cell proliferation","3/103","35/28891",0.000265082094694702,0.00181488223604575,0.00118956507868537,"14972/14964/15015",3
"GO:0010508","positive regulation of autophagy","5/103","160/28891",0.000276670003435063,0.00188594705398312,0.00123614453384914,"54396/15944/20128/16145/20821",5
"GO:0022409","positive regulation of cell-cell adhesion","7/103","354/28891",0.000282870025540409,0.001919826564646,0.00125835086876557,"15944/14972/24099/14964/12010/26365/15015",7
"GO:0031400","negative regulation of protein modification process","8/103","473/28891",0.000297483570214706,0.00201026776235999,0.00131763057757437,"100038882/547253/20821/209200/671535/16202/20555/26365",8
"GO:0032817","regulation of natural killer cell proliferation","3/103","37/28891",0.000313072289770057,0.00210649070832353,0.00138069993492058,"14972/14964/15015",3
"GO:1903321","negative regulation of protein modification by small protein conjugation or removal","4/103","92/28891",0.000334599499062667,0.00224167303878465,0.00146930523193545,"100038882/20821/209200/671535",4
"GO:0043243","positive regulation of protein-containing complex disassembly","3/103","38/28891",0.000339029016699656,0.0022520182768858,0.00147608602119626,"54396/15944/16145",3
"GO:0090140","regulation of mitochondrial fission","3/103","38/28891",0.000339029016699656,0.0022520182768858,0.00147608602119626,"54396/15944/16145",3
"GO:0002708","positive regulation of lymphocyte mediated immunity","5/103","170/28891",0.000365634601283211,0.0024128503734627,0.00158150346471948,"58185/14972/14964/12010/15015",5
"GO:0002885","positive regulation of hypersensitivity","3/103","39/28891",0.000366332824158014,0.0024128503734627,0.00158150346471948,"14972/14964/15015",3
"GO:0044403","biological process involved in symbiotic interaction","6/103","264/28891",0.000375073578127453,0.0024531389273877,0.00160791060886803,"14468/20128/17069/229900/20821/66141",6
"GO:0002702","positive regulation of production of molecular mediator of immune response","5/103","171/28891",0.000375592699324574,0.0024531389273877,0.00160791060886803,"58185/14972/14964/12010/15015",5
"GO:0002460","adaptive immune response based on somatic recombination of immune receptors built from immunoglobulin superfamily domains","8/103","491/28891",0.00038142622237257,0.00248085972134826,0.00162608021116727,"58185/22040/54123/14972/24099/14964/12010/15015",8
"GO:0050728","negative regulation of inflammatory response","5/103","172/28891",0.000385754521219624,0.00249860086150968,0.00163770864654062,"54396/15944/16145/229521/14824",5
"GO:0061912","selective autophagy","4/103","97/28891",0.000409302410971283,0.00264016968399245,0.00173049997157063,"54396/15944/16145/672511",4
"GO:0002866","positive regulation of acute inflammatory response to antigenic stimulus","3/103","41/28891",0.000425097534759743,0.00271142092519682,0.00177720161791787,"14972/14964/15015",3
"GO:0032736","positive regulation of interleukin-13 production","3/103","41/28891",0.000425097534759743,0.00271142092519682,0.00177720161791787,"14972/14964/15015",3
"GO:1901874","negative regulation of post-translational protein modification","4/103","98/28891",0.000425559338035375,0.00271142092519682,0.00177720161791787,"100038882/20821/209200/671535",4
"GO:0046718","viral entry into host cell","4/103","99/28891",0.000442271979809546,0.00280644943285651,0.00183948808033752,"20128/17069/20821/66141",4
"GO:0001787","natural killer cell proliferation","3/103","42/28891",0.000456615486902562,0.00288573593139635,0.00189145643839459,"14972/14964/15015",3
"GO:0002377","immunoglobulin production","6/103","276/28891",0.000474409055600307,0.00298609893464548,0.00195723939746816,"22040/14972/24099/14964/56045/15015",6
"GO:0001912","positive regulation of leukocyte mediated cytotoxicity","4/103","101/28891",0.000477093599863484,0.0029909361822767,0.0019604099728062,"14972/14964/12010/15015",4
"GO:0050870","positive regulation of T cell activation","6/103","277/28891",0.000483530208503141,0.00301916262189361,0.00197891100069496,"15944/14972/24099/14964/12010/15015",6
"GO:0000423","mitophagy","3/103","43/28891",0.000489594622625172,0.0030207794700312,0.00197997076426739,"54396/15944/16145",3
"GO:0002486","antigen processing and presentation of endogenous peptide antigen via MHC class I via ER pathway, TAP-independent","3/103","43/28891",0.000489594622625172,0.0030207794700312,0.00197997076426739,"14972/14964/15015",3
"GO:0002883","regulation of hypersensitivity","3/103","43/28891",0.000489594622625172,0.0030207794700312,0.00197997076426739,"14972/14964/15015",3
"GO:0002274","myeloid leukocyte activation","6/103","280/28891",0.000511716395434808,0.00312094204085882,0.00204562234985318,"22040/15944/70110/64685/229521/14824",6
"GO:0050671","positive regulation of lymphocyte proliferation","5/103","183/28891",0.000511769174450759,0.00312094204085882,0.00204562234985318,"15944/14972/24099/14964/15015",5
"GO:0044409","entry into host","4/103","103/28891",0.00051382581966734,0.00312094204085882,0.00204562234985318,"20128/17069/20821/66141",4
"GO:0046635","positive regulation of alpha-beta T cell activation","4/103","103/28891",0.00051382581966734,0.00312094204085882,0.00204562234985318,"15944/14972/14964/15015",4
"GO:0002484","antigen processing and presentation of endogenous peptide antigen via MHC class I via ER pathway","3/103","44/28891",0.000524062599719078,0.00317078185333907,0.00207828986914298,"14972/14964/15015",3
"GO:0032946","positive regulation of mononuclear cell proliferation","5/103","186/28891",0.000550961420693176,0.00332065937336698,0.00217652713234614,"15944/14972/24099/14964/15015",5
"GO:1900246","positive regulation of RIG-I signaling pathway","2/103","10/28891",0.000555955486983845,0.00333676699024266,0.00218708487441644,"231655/234311",2
"GO:0002476","antigen processing and presentation of endogenous peptide antigen via MHC class Ib","3/103","45/28891",0.000560046733788326,0.00333676699024266,0.00218708487441644,"14972/14964/15015",3
"GO:2001185","regulation of CD8-positive, alpha-beta T cell activation","3/103","45/28891",0.000560046733788326,0.00333676699024266,0.00218708487441644,"14972/14964/15015",3
"GO:0002437","inflammatory response to antigenic stimulus","4/103","107/28891",0.000593257444591449,0.00352004911370261,0.00230721719445628,"22040/14972/14964/15015",4
"GO:0002524","hypersensitivity","3/103","46/28891",0.000597574000724659,0.00352004911370261,0.00230721719445628,"14972/14964/15015",3
"GO:0032656","regulation of interleukin-13 production","3/103","46/28891",0.000597574000724659,0.00352004911370261,0.00230721719445628,"14972/14964/15015",3
"GO:0002863","positive regulation of inflammatory response to antigenic stimulus","3/103","47/28891",0.000636671039168305,0.00370837123933479,0.00243065298535582,"14972/14964/15015",3
"GO:0006623","protein targeting to vacuole","3/103","47/28891",0.000636671039168305,0.00370837123933479,0.00243065298535582,"54396/15944/16145",3
"GO:0032616","interleukin-13 production","3/103","47/28891",0.000636671039168305,0.00370837123933479,0.00243065298535582,"14972/14964/15015",3
"GO:0070213","protein auto-ADP-ribosylation","2/103","11/28891",0.000677920775466935,0.00390492372879662,0.00255948337057239,"243771/671535",2
"GO:0071659","negative regulation of IP-10 production","2/103","11/28891",0.000677920775466935,0.00390492372879662,0.00255948337057239,"246727/23961",2
"GO:2000342","negative regulation of chemokine (C-X-C motif) ligand 2 production","2/103","11/28891",0.000677920775466935,0.00390492372879662,0.00255948337057239,"246727/23961",2
"GO:0002705","positive regulation of leukocyte mediated immunity","5/103","197/28891",0.000714216544319869,0.00409886774148278,0.00268660402894316,"58185/14972/14964/12010/15015",5
"GO:0010799","regulation of peptidyl-threonine phosphorylation","3/103","49/28891",0.000719679313545474,0.00411508940822156,0.00269723652502873,"54396/15944/16145",3
"GO:0002637","regulation of immunoglobulin production","4/103","113/28891",0.000728210725538426,0.0041335888820563,0.00270936201042431,"22040/14972/14964/15015",4
"GO:0031343","positive regulation of cell killing","4/103","113/28891",0.000728210725538426,0.0041335888820563,0.00270936201042431,"14972/14964/12010/15015",4
"GO:0002864","regulation of acute inflammatory response to antigenic stimulus","3/103","50/28891",0.000763642162449082,0.00431900512892397,0.00283089314225975,"14972/14964/15015",3
"GO:1903039","positive regulation of leukocyte cell-cell adhesion","6/103","303/28891",0.000772729500898807,0.00435462364946945,0.00285423931169919,"15944/14972/24099/14964/12010/15015",6
"GO:0050821","protein stabilization","5/103","202/28891",0.000799336955398506,0.00445630352634667,0.00292088541596747,"22040/54396/15944/16145/14824",5
"GO:0070665","positive regulation of leukocyte proliferation","5/103","202/28891",0.000799336955398506,0.00445630352634667,0.00292088541596747,"15944/14972/24099/14964/15015",5
"GO:0071902","positive regulation of protein serine/threonine kinase activity","5/103","202/28891",0.000799336955398506,0.00445630352634667,0.00292088541596747,"54396/15944/16145/16202/26365",5
"GO:0000266","mitochondrial fission","3/103","51/28891",0.000809278013622273,0.0044610158957686,0.00292397413984766,"54396/15944/16145",3
"GO:0045646","regulation of erythrocyte differentiation","3/103","51/28891",0.000809278013622273,0.0044610158957686,0.00292397413984766,"100038882/20846/12010",3
"GO:0071612","IP-10 production","2/103","12/28891",0.000811613398077055,0.0044610158957686,0.00292397413984766,"246727/23961",2
"GO:0071658","regulation of IP-10 production","2/103","12/28891",0.000811613398077055,0.0044610158957686,0.00292397413984766,"246727/23961",2
"GO:0032753","positive regulation of interleukin-4 production","3/103","52/28891",0.000856611855861365,0.0046918284456126,0.00307526029140257,"14972/14964/15015",3
"GO:0002275","myeloid cell activation involved in immune response","4/103","119/28891",0.000883559632157645,0.00482250554474855,0.0031609126332618,"22040/70110/64685/14824",4
"GO:0098586","cellular response to virus","3/103","54/28891",0.000956471857161548,0.00516885352101927,0.00338792651298474,"54396/15944/16145",3
"GO:0035726","common myeloid progenitor cell proliferation","2/103","13/28891",0.000956949819074035,0.00516885352101927,0.00338792651298474,"209086/26365",2
"GO:2000774","positive regulation of cellular senescence","2/103","13/28891",0.000956949819074035,0.00516885352101927,0.00338792651298474,"16202/12010",2
"GO:0044000","movement in host","4/103","123/28891",0.000999253362947515,0.00537873965365887,0.003525496438421,"20128/17069/20821/66141",4
"GO:0002507","tolerance induction","3/103","55/28891",0.00100904638932709,0.00539425141691638,0.00353566362806752,"14972/14964/15015",3
"GO:0097352","autophagosome maturation","3/103","55/28891",0.00100904638932709,0.00539425141691638,0.00353566362806752,"54396/15944/16145",3
"GO:0019083","viral transcription","3/103","56/28891",0.0010634156634505,0.00566550119674479,0.00371345437353649,"20821/66141/20684",3
"GO:0046598","positive regulation of viral entry into host cell","2/103","14/28891",0.00111384693923295,0.00589394939709369,0.00386319081154123,"20128/20821",2
"GO:0075294","positive regulation by symbiont of entry into host","2/103","14/28891",0.00111384693923295,0.00589394939709369,0.00386319081154123,"20128/20821",2
"GO:0002888","positive regulation of myeloid leukocyte mediated immunity","3/103","57/28891",0.00111960307788924,0.00590439325873346,0.00387003624362853,"14972/14964/15015",3
"GO:0002699","positive regulation of immune effector process","6/103","326/28891",0.0011265294710517,0.00592091752293505,0.0038808670773073,"58185/234311/14972/14964/12010/15015",6
"GO:0032816","positive regulation of natural killer cell activation","3/103","58/28891",0.00117763171988986,0.00614810406270257,0.00402977655952453,"14972/14964/15015",3
"GO:0034142","toll-like receptor 4 signaling pathway","3/103","58/28891",0.00117763171988986,0.00614810406270257,0.00402977655952453,"23961/70110/64685",3
"GO:0007033","vacuole organization","5/103","221/28891",0.00119323022565505,0.0062087746074918,0.00406954308539197,"22040/54396/15944/16145/14824",5
"GO:0032673","regulation of interleukin-4 production","3/103","59/28891",0.00123752436788188,0.00641785893110833,0.00420658746487562,"14972/14964/15015",3
"GO:0052547","regulation of peptidase activity","7/103","457/28891",0.00127263718891218,0.00656245471635624,0.00430136281351244,"20846/16913/19188/54208/19186/16912/14824",7
"GO:0043031","negative regulation of macrophage activation","2/103","15/28891",0.00128222209384283,0.00656245471635624,0.00430136281351244,"229521/14824",2
"GO:0044406","adhesion of symbiont to host","2/103","15/28891",0.00128222209384283,0.00656245471635624,0.00430136281351244,"14468/229900",2
"GO:0150079","negative regulation of neuroinflammatory response","2/103","15/28891",0.00128222209384283,0.00656245471635624,0.00430136281351244,"229521/14824",2
"GO:0002675","positive regulation of acute inflammatory response","3/103","60/28891",0.00129930349375828,0.00658510634336582,0.00431620982888942,"14972/14964/15015",3
"GO:0043030","regulation of macrophage activation","3/103","60/28891",0.00129930349375828,0.00658510634336582,0.00431620982888942,"15944/229521/14824",3
"GO:0072666","establishment of protein localization to vacuole","3/103","60/28891",0.00129930349375828,0.00658510634336582,0.00431620982888942,"54396/15944/16145",3
"GO:0002438","acute inflammatory response to antigenic stimulus","3/103","61/28891",0.00136299126514258,0.0068855319252025,0.00451312386209706,"14972/14964/15015",3
"GO:0050829","defense response to Gram-negative bacterium","4/103","134/28891",0.0013717594773847,0.00690747272321779,0.00452750496440722,"54396/15944/16145/12010",4
"GO:0002396","MHC protein complex assembly","2/103","16/28891",0.0014619930507138,0.00731465112873156,0.00479439016630842,"21356/12010",2
"GO:0002501","peptide antigen assembly with MHC protein complex","2/103","16/28891",0.0014619930507138,0.00731465112873156,0.00479439016630842,"21356/12010",2
"GO:0045954","positive regulation of natural killer cell mediated cytotoxicity","3/103","63/28891",0.0014961799070912,0.00746177902546124,0.00489082518813738,"14972/14964/15015",3
"GO:0019731","antibacterial humoral response","4/103","140/28891",0.00161120704767811,0.00800985414466731,0.00525006118117039,"14972/14964/12010/15015",4
"GO:0002717","positive regulation of natural killer cell mediated immunity","3/103","65/28891",0.00163726163464028,0.00811354098943962,0.00531802275311731,"14972/14964/15015",3
"GO:1903978","regulation of microglial cell activation","2/103","17/28891",0.00165307800819279,0.00816599611009159,0.00535240447689337,"229521/14824",2
"GO:0002861","regulation of inflammatory response to antigenic stimulus","3/103","67/28891",0.00178640306326251,0.00874161498982063,0.00572969403560852,"14972/14964/15015",3
"GO:0032633","interleukin-4 production","3/103","67/28891",0.00178640306326251,0.00874161498982063,0.00572969403560852,"14972/14964/15015",3
"GO:0140895","cell surface toll-like receptor signaling pathway","3/103","67/28891",0.00178640306326251,0.00874161498982063,0.00572969403560852,"23961/70110/64685",3
"GO:0039535","regulation of RIG-I signaling pathway","2/103","18/28891",0.00185539559318757,0.00905085162801814,0.00593238327821817,"231655/234311",2
"GO:0052548","regulation of endopeptidase activity","6/103","360/28891",0.00186263612392716,0.00905786601074858,0.00593698085737727,"20846/16913/19188/54208/19186/16912",6
"GO:0046634","regulation of alpha-beta T cell activation","4/103","146/28891",0.00187830014626029,0.00910567244817488,0.00596831560040864,"15944/14972/14964/15015",4
"GO:0048524","positive regulation of viral process","3/103","69/28891",0.00194376615322398,0.00939386676527129,0.0061572126476575,"20128/229900/20821",3
"GO:1903320","regulation of protein modification by small protein conjugation or removal","5/103","249/28891",0.00201386369392955,0.00970259637723467,0.00635956955977753,"100038882/20821/209200/671535/64685",5
"GO:0002752","cell surface pattern recognition receptor signaling pathway","3/103","70/28891",0.00202558017797957,0.00972901740869572,0.00637688723237617,"23961/70110/64685",3
"GO:0051251","positive regulation of lymphocyte activation","6/103","367/28891",0.00205122188126932,0.00982195508178345,0.00643780325667994,"15944/14972/24099/14964/12010/15015",6
"GO:1902033","regulation of hematopoietic stem cell proliferation","2/103","19/28891",0.00206886485919929,0.00987614081104004,0.00647331930835896,"15944/19106",2
"GO:0035457","cellular response to interferon-alpha","2/103","20/28891",0.00229340528436331,0.0109146513685705,0.00715401134916925,"15957/23961",2
"GO:0002520","immune system development","5/103","258/28891",0.00234878237161971,0.0111442227419403,0.00730448397125054,"14972/14964/209086/56045/15015",5
"GO:0060340","positive regulation of type I interferon-mediated signaling pathway","2/103","21/28891",0.00252893676949842,0.0118905731842983,0.00779367958133311,"58203/54123",2
"GO:0071639","positive regulation of monocyte chemotactic protein-1 production","2/103","21/28891",0.00252893676949842,0.0118905731842983,0.00779367958133311,"246727/23961",2
"GO:1900424","regulation of defense response to bacterium","2/103","21/28891",0.00252893676949842,0.0118905731842983,0.00779367958133311,"229521/14824",2
"GO:0019080","viral gene expression","3/103","76/28891",0.00256151406755972,0.0120075779563385,0.00787037039250212,"20821/66141/20684",3
"GO:0051259","protein complex oligomerization","5/103","264/28891",0.00259349091816497,0.0121210758181303,0.00794476259834967,"100038882/71586/23961/12010/56045",5
"GO:0010822","positive regulation of mitochondrion organization","3/103","79/28891",0.00285925794498403,0.013283635869405,0.00870676291517692,"54396/15944/16145",3
"GO:0016239","positive regulation of macroautophagy","3/103","79/28891",0.00285925794498403,0.013283635869405,0.00870676291517692,"54396/15944/16145",3
"GO:0002714","positive regulation of B cell mediated immunity","3/103","80/28891",0.00296303329396228,0.0136439379701331,0.00894292302975108,"14972/14964/15015",3
"GO:0002891","positive regulation of immunoglobulin mediated immune response","3/103","80/28891",0.00296303329396228,0.0136439379701331,0.00894292302975108,"14972/14964/15015",3
"GO:0032814","regulation of natural killer cell activation","3/103","80/28891",0.00296303329396228,0.0136439379701331,0.00894292302975108,"14972/14964/15015",3
"GO:2000045","regulation of G1/S transition of mitotic cell cycle","4/103","166/28891",0.00298851461714856,0.0137207979922615,0.00899330095315294,"22040/20555/19188/19186",4
"GO:0044790","suppression of viral release by host","2/103","23/28891",0.00303265462472739,0.0138826213173005,0.00909936809765403,"20128/20821",2
"GO:0031397","negative regulation of protein ubiquitination","3/103","81/28891",0.00306910012009492,0.0139675372812483,0.00915502629041663,"100038882/209200/671535",3
"GO:0072665","protein localization to vacuole","3/103","81/28891",0.00306910012009492,0.0139675372812483,0.00915502629041663,"54396/15944/16145",3
"GO:0051100","negative regulation of binding","4/103","168/28891",0.0031196143975952,0.0141561571937387,0.00927865726579723,"14938/20684/69028/12010",4
"GO:0002220","innate immune response activating cell surface receptor signaling pathway","3/103","82/28891",0.0031774747020745,0.0143351716948219,0.00939599237153435,"23961/70110/64685",3
"GO:0002673","regulation of acute inflammatory response","3/103","82/28891",0.0031774747020745,0.0143351716948219,0.00939599237153435,"14972/14964/15015",3
"GO:0050680","negative regulation of epithelial cell proliferation","4/103","169/28891",0.00318661407950236,0.0143351716948219,0.00939599237153435,"20846/12010/26365/110829",4
"GO:0035634","response to stilbenoid","2/103","24/28891",0.00330068289243474,0.01480564941118,0.00970436712476276,"24110/15959",2
"GO:0051098","regulation of binding","6/103","405/28891",0.00333845513453646,0.0149321732521817,0.00978729721239464,"20821/14938/209200/20684/69028/12010",6
"GO:0002639","positive regulation of immunoglobulin production","3/103","84/28891",0.00340121096211482,0.0151694008910321,0.0099427881358665,"14972/14964/15015",3
"GO:2000345","regulation of hepatocyte proliferation","2/103","25/28891",0.00357938601149633,0.0159185799542614,0.0104338377663051,"26365/110829",2
"GO:0032722","positive regulation of chemokine production","3/103","86/28891",0.00363436718631079,0.0161171794824748,0.0105640098836546,"246727/23961/19106",3
"GO:0002726","positive regulation of T cell cytokine production","2/103","26/28891",0.00386868596717539,0.0171077019681609,0.0112132481291024,"58185/12010",2
"GO:1901873","regulation of post-translational protein modification","5/103","295/28891",0.00416129630325227,0.0183296804178577,0.0120141942521041,"100038882/20821/209200/671535/64685",5
"GO:0046426","negative regulation of receptor signaling pathway via JAK-STAT","2/103","27/28891",0.00416850515588693,0.0183296804178577,0.0120141942521041,"547253/229900",2
"GO:0000422","autophagy of mitochondrion","3/103","91/28891",0.00425925496027296,0.0186238011008014,0.012206975737536,"54396/15944/16145",3
"GO:0061726","mitochondrion disassembly","3/103","91/28891",0.00425925496027296,0.0186238011008014,0.012206975737536,"54396/15944/16145",3
"GO:0010506","regulation of autophagy","5/103","300/28891",0.00446614563241388,0.0193202914294152,0.0126634905218595,"54396/15944/20128/16145/20821",5
"GO:0045648","positive regulation of erythrocyte differentiation","2/103","28/28891",0.00447876638330433,0.0193202914294152,0.0126634905218595,"100038882/20846",2
"GO:1903902","positive regulation of viral life cycle","2/103","28/28891",0.00447876638330433,0.0193202914294152,0.0126634905218595,"20128/20821",2
"GO:0002244","hematopoietic progenitor cell differentiation","4/103","186/28891",0.00448042632764145,0.0193202914294152,0.0126634905218595,"22040/67138/19106/209086",4
"GO:0071356","cellular response to tumor necrosis factor","4/103","186/28891",0.00448042632764145,0.0193202914294152,0.0126634905218595,"20846/16202/24099/110829",4
"GO:0002696","positive regulation of leukocyte activation","6/103","432/28891",0.00456534503088519,0.0195812013560704,0.0128345040076202,"15944/14972/24099/14964/12010/15015",6
"GO:0042770","signal transduction in response to DNA damage","4/103","187/28891",0.00456602004715542,0.0195812013560704,0.0128345040076202,"22040/235610/209200/20684",4
"GO:0006605","protein targeting","5/103","303/28891",0.00465652199286438,0.0198601935269434,0.0130173695055052,"67775/54396/15944/16145/54208",5
"GO:0016064","immunoglobulin mediated immune response","5/103","303/28891",0.00465652199286438,0.0198601935269434,0.0130173695055052,"22040/54123/14972/14964/15015",5
"GO:0034121","regulation of toll-like receptor signaling pathway","2/103","29/28891",0.00479939286247402,0.0202482493468161,0.0132717208031999,"54123/20128",2
"GO:0072567","chemokine (C-X-C motif) ligand 2 production","2/103","29/28891",0.00479939286247402,0.0202482493468161,0.0132717208031999,"246727/23961",2
"GO:1901223","negative regulation of non-canonical NF-kappaB signal transduction","2/103","29/28891",0.00479939286247402,0.0202482493468161,0.0132717208031999,"70110/64685",2
"GO:2000341","regulation of chemokine (C-X-C motif) ligand 2 production","2/103","29/28891",0.00479939286247402,0.0202482493468161,0.0132717208031999,"246727/23961",2
"GO:0019724","B cell mediated immunity","5/103","306/28891",0.0048526109982486,0.0204175896718762,0.0133827149675064,"22040/54123/14972/14964/15015",5
"GO:1902806","regulation of cell cycle G1/S phase transition","4/103","192/28891",0.00501054901764535,0.0210254489692054,0.013781136517123,"22040/20555/19188/19186",4
"GO:0010952","positive regulation of peptidase activity","4/103","193/28891",0.00510281125868935,0.0213551967153192,0.0139972697712602,"20846/19188/19186/14824",4
"GO:1904893","negative regulation of receptor signaling pathway via STAT","2/103","30/28891",0.0051303082119382,0.0214128639541057,0.0140350677793525,"547253/229900",2
"GO:0006497","protein lipidation","3/103","98/28891",0.00523763028407255,0.0218025089958327,0.0142904607329643,"54396/15944/16145",3
"GO:0071605","monocyte chemotactic protein-1 production","2/103","31/28891",0.00547143645386556,0.0225950060965189,0.0148099031833955,"246727/23961",2
"GO:0071637","regulation of monocyte chemotactic protein-1 production","2/103","31/28891",0.00547143645386556,0.0225950060965189,0.0148099031833955,"246727/23961",2
"GO:1902914","regulation of protein polyubiquitination","2/103","31/28891",0.00547143645386556,0.0225950060965189,0.0148099031833955,"671535/64685",2
"GO:1901987","regulation of cell cycle phase transition","6/103","449/28891",0.00549170859866612,0.0226188842282792,0.0148255541116608,"22040/235610/209200/20555/19188/19186",6
"GO:0007229","integrin-mediated signaling pathway","3/103","101/28891",0.00569488259671939,0.0233939782459973,0.0153335897064024,"100038882/16202/110829",3
"GO:0050867","positive regulation of cell activation","6/103","454/28891",0.00578864510888184,0.0236675431672625,0.0155128979119857,"15944/14972/24099/14964/12010/15015",6
"GO:0006308","DNA catabolic process","2/103","32/28891",0.00582270201218994,0.0236675431672625,0.0155128979119857,"22040/57444",2
"GO:0150077","regulation of neuroinflammatory response","2/103","32/28891",0.00582270201218994,0.0236675431672625,0.0155128979119857,"229521/14824",2
"GO:0002712","regulation of B cell mediated immunity","3/103","102/28891",0.00585244821432629,0.0236675431672625,0.0155128979119857,"14972/14964/15015",3
"GO:0002886","regulation of myeloid leukocyte mediated immunity","3/103","102/28891",0.00585244821432629,0.0236675431672625,0.0155128979119857,"14972/14964/15015",3
"GO:0002889","regulation of immunoglobulin mediated immune response","3/103","102/28891",0.00585244821432629,0.0236675431672625,0.0155128979119857,"14972/14964/15015",3
"GO:0042158","lipoprotein biosynthetic process","3/103","103/28891",0.00601260688616607,0.0242524014193934,0.0158962434199739,"54396/15944/16145",3
"GO:0032092","positive regulation of protein binding","3/103","104/28891",0.00617536966194693,0.0246886710447358,0.0161821964702001,"20821/209200/12010",3
"GO:0002230","positive regulation of defense response to virus by host","2/103","33/28891",0.00618402971075702,0.0246886710447358,0.0161821964702001,"209200/20846",2
"GO:0072574","hepatocyte proliferation","2/103","33/28891",0.00618402971075702,0.0246886710447358,0.0161821964702001,"26365/110829",2
"GO:0072575","epithelial cell proliferation involved in liver morphogenesis","2/103","33/28891",0.00618402971075702,0.0246886710447358,0.0161821964702001,"26365/110829",2
"GO:0002695","negative regulation of leukocyte activation","4/103","206/28891",0.00640759885135853,0.0254510478548872,0.0166818965676188,"20555/26365/229521/14824",4
"GO:0034612","response to tumor necrosis factor","4/103","206/28891",0.00640759885135853,0.0254510478548872,0.0166818965676188,"20846/16202/24099/110829",4
"GO:2000178","negative regulation of neural precursor cell proliferation","2/103","34/28891",0.00655534477147878,0.025971810122534,0.0170232303443157,"16202/110829",2
"GO:0032682","negative regulation of chemokine production","2/103","35/28891",0.00693657281249601,0.0274126333172311,0.0179676183177778,"246727/23961",2
"GO:0031396","regulation of protein ubiquitination","4/103","213/28891",0.00719416900900101,0.0283588328864913,0.0185878050950265,"100038882/209200/671535/64685",4
"GO:0000731","DNA synthesis involved in DNA repair","2/103","36/28891",0.00732763984634843,0.0287398135682158,0.0188375189914062,"22040/671535",2
"GO:0072576","liver morphogenesis","2/103","36/28891",0.00732763984634843,0.0287398135682158,0.0188375189914062,"26365/110829",2
"GO:0002724","regulation of T cell cytokine production","2/103","37/28891",0.00772847227815291,0.0302359529478614,0.0198181639740526,"58185/12010",2
"GO:0018107","peptidyl-threonine phosphorylation","3/103","113/28891",0.00775913658630768,0.0302715624071,0.0198415042042559,"54396/15944/16145",3
"GO:0071900","regulation of protein serine/threonine kinase activity","5/103","343/28891",0.0077763590808758,0.0302715624071,0.0198415042042559,"54396/15944/16145/16202/26365",5
"GO:0000045","autophagosome assembly","3/103","114/28891",0.007948501296057,0.030864702793893,0.020230278239768,"54396/15944/16145",3
"GO:0019730","antimicrobial humoral response","4/103","221/28891",0.00816831709926714,0.0316395607740844,0.0207381591236454,"14972/14964/12010/15015",4
"GO:0032642","regulation of chemokine production","3/103","116/28891",0.00833537443625088,0.0322067314232367,0.0211099112872221,"246727/23961/19106",3
"GO:0050866","negative regulation of cell activation","4/103","225/28891",0.0086863074001315,0.0334798169175439,0.0219443555371743,"20555/26365/229521/14824",4
"GO:0016241","regulation of macroautophagy","3/103","118/28891",0.00873316195921283,0.0335775020155941,0.0220083832625223,"54396/15944/16145",3
"GO:0043393","regulation of protein binding","4/103","228/28891",0.00908860320013803,0.0348582545341903,0.0228478528657291,"20821/209200/69028/12010",4
"GO:1900026","positive regulation of substrate adhesion-dependent cell spreading","2/103","41/28891",0.00942799772604995,0.0360713344371666,0.0236429664337476,"16202/110829",2
"GO:0018210","peptidyl-threonine modification","3/103","122/28891",0.00956173540282799,0.036404558448328,0.0238613782068005,"54396/15944/16145",3
"GO:1905037","autophagosome organization","3/103","122/28891",0.00956173540282799,0.036404558448328,0.0238613782068005,"54396/15944/16145",3
"GO:0000082","G1/S transition of mitotic cell cycle","4/103","233/28891",0.00978579585410967,0.0371669764677985,0.0243611053148792,"22040/20555/19188/19186",4
"GO:0071425","hematopoietic stem cell proliferation","2/103","42/28891",0.00987656683800734,0.0374206816362365,0.0245273964398138,"15944/19106",2
"GO:0045637","regulation of myeloid cell differentiation","4/103","237/28891",0.0103679364567207,0.0391138781699123,0.0256372025902119,"100038882/20846/12010/26365",4
"GO:0006612","protein targeting to membrane","3/103","126/28891",0.0104347017276175,0.0391138781699123,0.0256372025902119,"67775/54396/54208",3
"GO:0006906","vesicle fusion","3/103","126/28891",0.0104347017276175,0.0391138781699123,0.0256372025902119,"11736/209086/229521",3
"GO:0032602","chemokine production","3/103","126/28891",0.0104347017276175,0.0391138781699123,0.0256372025902119,"246727/23961/19106",3
"GO:0045860","positive regulation of protein kinase activity","5/103","369/28891",0.0104487425988811,0.0391138781699123,0.0256372025902119,"54396/15944/16145/16202/26365",5
"GO:0000077","DNA damage checkpoint signaling","3/103","127/28891",0.0106599314110175,0.0397139688128838,0.0260305321731164,"22040/235610/209200",3
"GO:0033138","positive regulation of peptidyl-serine phosphorylation","3/103","127/28891",0.0106599314110175,0.0397139688128838,0.0260305321731164,"54396/15944/16145",3
"GO:0007041","lysosomal transport","3/103","128/28891",0.0108879692146365,0.0403708312210154,0.0264610728256698,"209200/11736/14824",3
"GO:0090174","organelle membrane fusion","3/103","128/28891",0.0108879692146365,0.0403708312210154,0.0264610728256698,"11736/209086/229521",3
"GO:0009394","2'-deoxyribonucleotide metabolic process","2/103","45/28891",0.0112779827936447,0.0415210640115081,0.0272149932359054,"22169/56045",2
"GO:0019692","deoxyribose phosphate metabolic process","2/103","45/28891",0.0112779827936447,0.0415210640115081,0.0272149932359054,"22169/56045",2
"GO:0050691","regulation of defense response to virus by host","2/103","45/28891",0.0112779827936447,0.0415210640115081,0.0272149932359054,"209200/20846",2
"GO:0009262","deoxyribonucleotide metabolic process","2/103","47/28891",0.0122579796931035,0.0449170359964627,0.0294408840409735,"22169/56045",2
"GO:2000772","regulation of cellular senescence","2/103","47/28891",0.0122579796931035,0.0449170359964627,0.0294408840409735,"16202/12010",2
"GO:0031570","DNA integrity checkpoint signaling","3/103","134/28891",0.0123154973776336,0.0449170359964627,0.0294408840409735,"22040/235610/209200",3
"GO:0043244","regulation of protein-containing complex disassembly","3/103","134/28891",0.0123154973776336,0.0449170359964627,0.0294408840409735,"54396/15944/16145",3
"GO:0042157","lipoprotein metabolic process","3/103","137/28891",0.0130676281798876,0.0474385292762896,0.0310935975296224,"54396/15944/16145",3
"GO:1903008","organelle disassembly","3/103","137/28891",0.0130676281798876,0.0474385292762896,0.0310935975296224,"54396/15944/16145",3
"GO:0001774","microglial cell activation","2/103","49/28891",0.0132739019677816,0.0478534895420486,0.0313655833540384,"229521/14824",2
"GO:0002369","T cell cytokine production","2/103","49/28891",0.0132739019677816,0.0478534895420486,0.0313655833540384,"58185/12010",2
"GO:0043392","negative regulation of DNA binding","2/103","49/28891",0.0132739019677816,0.0478534895420486,0.0313655833540384,"14938/20684",2
"GO:0002526","acute inflammatory response","3/103","139/28891",0.0135833488885293,0.0488562387442263,0.0320228356042941,"14972/14964/15015",3
"GO:0030851","granulocyte differentiation","2/103","50/28891",0.0137951627930038,0.0495040209652388,0.0324474246456132,"98386/26365",2
"GO:0030101","natural killer cell activation","3/103","140/28891",0.0138455125784749,0.0495707457224756,0.0324911594067543,"14972/14964/15015",3
